{"_step":10,"_wandb":{"runtime":7754},"_runtime":7754,"loss":0.16129432618618011,"epoch":1,"_timestamp":1.7539803581499221e+09}